{
	"info": {
		"_postman_id": "74573073-5ed5-4967-9d01-1863266cb1d7",
		"name": "RestFul_Booker",
		"schema": "https://schema.getpostman.com/json/collection/v2.1.0/collection.json",
		"_exporter_id": "17672845"
	},
	"item": [
		{
			"name": "CreateToken",
			"event": [
				{
					"listen": "test",
					"script": {
						"exec": [
							"pm.test(\"Status code is 200\", function () {\r",
							"    pm.response.to.have.status(200);\r",
							"});\r",
							"\r",
							"var response = pm.response.json();\r",
							"var resTok = response.token;\r",
							"pm.globals.set(\"restToken\", resTok);"
						],
						"type": "text/javascript"
					}
				}
			],
			"request": {
				"method": "POST",
				"header": [
					{
						"key": "Content-Type",
						"value": "application/json",
						"type": "text"
					}
				],
				"body": {
					"mode": "raw",
					"raw": "{\r\n    \"username\" : \"admin\",\r\n    \"password\" : \"password123\"\r\n}",
					"options": {
						"raw": {
							"language": "json"
						}
					}
				},
				"url": {
					"raw": "https://restful-booker.herokuapp.com/auth",
					"protocol": "https",
					"host": [
						"restful-booker",
						"herokuapp",
						"com"
					],
					"path": [
						"auth"
					]
				}
			},
			"response": []
		},
		{
			"name": "CreateBooking",
			"event": [
				{
					"listen": "test",
					"script": {
						"exec": [
							"pm.test(\"Status code is 200\", function () {\r",
							"    pm.response.to.have.status(200);\r",
							"});\r",
							"\r",
							"var bookingResponse = pm.response.json();\r",
							"var resBookingID = bookingResponse.bookingid;\r",
							"\r",
							"pm.globals.set(\"booking_ID\", resBookingID);\r",
							""
						],
						"type": "text/javascript"
					}
				}
			],
			"request": {
				"method": "POST",
				"header": [
					{
						"key": "Content-Type",
						"value": "application/json",
						"type": "text"
					}
				],
				"body": {
					"mode": "raw",
					"raw": "{\r\n    \"firstname\" : \"{{$randomFirstName}}\",\r\n    \"lastname\" : \"{{$randomLastName}}\",\r\n    \"totalprice\" : {{$randomPrice}},\r\n    \"depositpaid\" : true,\r\n    \"bookingdates\" : {\r\n        \"checkin\" : \"2024-02-05\",\r\n        \"checkout\" : \"2024-02-09\"\r\n    },\r\n    \"additionalneeds\" : \"Breakfast\"\r\n}",
					"options": {
						"raw": {
							"language": "json"
						}
					}
				},
				"url": {
					"raw": "https://restful-booker.herokuapp.com/booking",
					"protocol": "https",
					"host": [
						"restful-booker",
						"herokuapp",
						"com"
					],
					"path": [
						"booking"
					]
				}
			},
			"response": []
		},
		{
			"name": "UpdateBooking",
			"event": [
				{
					"listen": "test",
					"script": {
						"exec": [
							"pm.test(\"Status code is 200\", function () {\r",
							"    pm.response.to.have.status(200);\r",
							"});"
						],
						"type": "text/javascript"
					}
				}
			],
			"request": {
				"method": "PUT",
				"header": [
					{
						"key": "Authorization",
						"value": "Basic YWRtaW46cGFzc3dvcmQxMjM=",
						"type": "text"
					},
					{
						"key": "Cookie",
						"value": "token={{restToken}}",
						"type": "text"
					}
				],
				"body": {
					"mode": "raw",
					"raw": "{\r\n    \"firstname\" : \"{{$randomFirstName}}\",\r\n    \"lastname\" : \"{{$randomLastName}}\",\r\n    \"totalprice\" : {{$randomPrice}},\r\n    \"depositpaid\" : true,\r\n    \"bookingdates\" : {\r\n        \"checkin\" : \"2024-02-05\",\r\n        \"checkout\" : \"2024-02-09\"\r\n    },\r\n    \"additionalneeds\" : \"Breakfast,Dinner\"\r\n}",
					"options": {
						"raw": {
							"language": "json"
						}
					}
				},
				"url": {
					"raw": "https://restful-booker.herokuapp.com/booking/{{booking_ID}}",
					"protocol": "https",
					"host": [
						"restful-booker",
						"herokuapp",
						"com"
					],
					"path": [
						"booking",
						"{{booking_ID}}"
					]
				}
			},
			"response": []
		},
		{
			"name": "UpdateBooking_Partial",
			"event": [
				{
					"listen": "test",
					"script": {
						"exec": [
							"pm.test(\"Status code is 200\", function () {\r",
							"    pm.response.to.have.status(200);\r",
							"});"
						],
						"type": "text/javascript"
					}
				}
			],
			"protocolProfileBehavior": {
				"disableBodyPruning": true,
				"disabledSystemHeaders": {
					"accept": true
				}
			},
			"request": {
				"method": "GET",
				"header": [
					{
						"key": "Content-Type",
						"value": "application/json",
						"type": "text"
					},
					{
						"key": "Accept",
						"value": "application/json",
						"type": "text"
					},
					{
						"key": "Cookie",
						"value": "token={{restToken}}",
						"type": "text"
					}
				],
				"body": {
					"mode": "raw",
					"raw": "{\r\n    \"firstname\": \"{{$randomFirstName}}\",\r\n    \"lastname\": \"{{$randomLastName}}\"\r\n}",
					"options": {
						"raw": {
							"language": "json"
						}
					}
				},
				"url": {
					"raw": "https://restful-booker.herokuapp.com/booking/{{booking_ID}}",
					"protocol": "https",
					"host": [
						"restful-booker",
						"herokuapp",
						"com"
					],
					"path": [
						"booking",
						"{{booking_ID}}"
					]
				}
			},
			"response": []
		},
		{
			"name": "GetAllBookings",
			"event": [
				{
					"listen": "test",
					"script": {
						"exec": [
							"pm.test(\"Response time is less than 200ms\", function () {\r",
							"    pm.expect(pm.response.responseTime).to.be.below(1000);\r",
							"});\r",
							"\r",
							"pm.test(\"Status code is 200\", function () {\r",
							"    pm.response.to.have.status(200);\r",
							"});"
						],
						"type": "text/javascript"
					}
				}
			],
			"request": {
				"method": "GET",
				"header": [],
				"url": {
					"raw": "https://restful-booker.herokuapp.com/booking",
					"protocol": "https",
					"host": [
						"restful-booker",
						"herokuapp",
						"com"
					],
					"path": [
						"booking"
					]
				}
			},
			"response": []
		},
		{
			"name": "GetBooking",
			"event": [
				{
					"listen": "test",
					"script": {
						"exec": [
							"pm.test(\"Status code is 200\", function () {\r",
							"    pm.response.to.have.status(200);\r",
							"});\r",
							"\r",
							"pm.test(\"Response time is less than 200ms\", function () {\r",
							"    pm.expect(pm.response.responseTime).to.be.below(400);\r",
							"});"
						],
						"type": "text/javascript"
					}
				}
			],
			"request": {
				"method": "GET",
				"header": [],
				"url": {
					"raw": "https://restful-booker.herokuapp.com/booking/{{booking_ID}}",
					"protocol": "https",
					"host": [
						"restful-booker",
						"herokuapp",
						"com"
					],
					"path": [
						"booking",
						"{{booking_ID}}"
					]
				}
			},
			"response": []
		},
		{
			"name": "DeleteBooking",
			"event": [
				{
					"listen": "test",
					"script": {
						"exec": [
							"pm.test(\"Status code is 201\", function () {\r",
							"    pm.response.to.have.status(201);\r",
							"});"
						],
						"type": "text/javascript"
					}
				}
			],
			"request": {
				"method": "DELETE",
				"header": [
					{
						"key": "Cookie",
						"value": "token={{restToken}}",
						"type": "text"
					},
					{
						"key": "Authorization",
						"value": "Basic YWRtaW46cGFzc3dvcmQxMjM=",
						"type": "text"
					}
				],
				"url": {
					"raw": "https://restful-booker.herokuapp.com/booking/{{booking_ID}}",
					"protocol": "https",
					"host": [
						"restful-booker",
						"herokuapp",
						"com"
					],
					"path": [
						"booking",
						"{{booking_ID}}"
					]
				}
			},
			"response": []
		}
	]
}